class,precision,recall,f1-score,support,accuracy
0,0.9641255605381166,0.9334298118668596,0.9485294117647058,691.0,0.947142
1,0.9635854341736695,0.9515905947441217,0.9575504523312457,723.0,0.947142
2,0.9149232914923291,0.956268221574344,0.9351389878831077,686.0,0.947142
macro avg,0.9475447620680383,0.9470962093951084,0.9470729506596864,2100.0,0.947142
weighted avg,0.9478668615253045,0.9471428571428572,0.9472610220251021,2100.0,0.947142
